notionPageId,company,website,location,category,reach,pipelineStatus,automationStatus,dataQuality,hasEmail,hasPhone,hasDraft,hasSentMessage,hasReply,hasFollowUpDraft,hasError,sentAt,lastContacted,lastUpdated,followUpCreatedAt,replyDetectedAt,dataSource,automationError
35df938c-c271-80c0-8fef-cc766f4c63a2,,https://www.alm-konstanz.de/,,,,Lead,Fehler,,true,true,true,false,false,false,true,,,,,,,invalid_grant
35af938c-c271-8018-9c35-db58d1cc1313,AbenteuerPark Immenstaad,https://www.abenteuerpark.com/,,,,Lead,Fehler,Teilweise,true,true,true,false,false,false,true,,,2026-05-12T23:45:00.000+00:00,,,https://abenteuerpark.com/ https://abenteuerpark.com/impressum/,invalid_grant
358f938c-c271-80d2-bcbd-ea026c83bd2c,Affenberg Salem,https://www.affenberg-salem.de/,,,,Closed-Lost,Fehler,,true,true,true,false,false,false,true,,,,,,,invalid_grant
35df938c-c271-8065-b629-f78843023eb6,Archäologische Landesmuseum Baden-Württemberg,https://www.alm-konstanz.de/museum,,,,Lead,Prüfen,Unvollständig,true,true,false,false,false,false,true,,,2026-05-11T20:24:00.000+00:00,,,https://www.alm-konstanz.de/ueber-uns/impressum https://www.alm-konstanz.de/museum https://www.alm-konstanz.de/presse,Möglicher Duplikat-Lead. Bitte manuell prüfen.
359f938c-c271-804d-a3f2-c57db3ef5914,Arena Fun Indoor Park,https://www.arena-vs.de/,,,,E-Mail / Contacted,Fehler,,true,true,true,false,false,false,true,,,,,,,invalid_grant
361f938c-c271-8093-9eab-fb0b66ad5d43,Augustinermuseum Freiburg,https://museen.freiburg.de/museen/am,,,,Lead,Fehler,Vollständig,true,true,true,false,false,false,true,,,2026-05-15T20:43:00.000+00:00,,,https://museen.freiburg.de/museen/am https://museen.freiburg.de/contact https://museen.freiburg.de/kontakt https://museen.freiburg.de/impressum https://museen.freiburg.de/presse https://museen.freiburg.de/press,invalid_grant
35df938c-c271-809d-a17c-dd2d04f758c6,auto und traktor museum,https://www.autoundtraktor.museum/,,,,E-Mail / Contacted,Fehler,Vollständig,true,true,true,true,false,false,true,2026-05-11T20:35:00.000+00:00,2026-05-11T20:35:00.000+00:00,2026-05-11T20:24:00.000+00:00,,,https://www.autoundtraktor.museum/ https://www.autoundtraktor.museum/impressum/,invalid_grant
35ef938c-c271-809f-9195-d03c7a16e403,autobau erlebniswelt,https://www.autobau.ch/de/,,,,Reply,Fehler,Vollständig,true,true,true,true,false,false,true,2026-05-12T20:03:00.000+00:00,2026-05-12T20:03:00.000+00:00,2026-05-12T19:52:00.000+00:00,,,https://www.autobau.ch/de/ https://www.autobau.ch/de/impressum/ https://www.autobau.ch/de/presse/,invalid_grant
35ef938c-c271-804c-9610-f76474ac59c3,Bauernhaus-MuseumAllgäu-Oberschwaben Wolfegg,https://www.bauernhaus-museum.de/,,,,E-Mail / Contacted,Fehler,Vollständig,true,true,true,true,false,false,true,2026-05-12T20:07:00.000+00:00,2026-05-12T20:07:00.000+00:00,2026-05-12T19:52:00.000+00:00,,,https://www.bauernhaus-museum.de/presse-downloads/ https://www.bauernhaus-museum.de/ https://www.bauernhaus-museum.de/kontakt/ https://www.bauernhaus-museum.de/impressum/,invalid_grant
361f938c-c271-80e2-99fa-c9fc5f792600,BMW Museum,https://www.bmw-welt.com/,,,,Lead,Prüfen,Teilweise,false,true,false,false,false,false,false,,,2026-05-15T20:42:00.000+00:00,,,https://www.bmw-welt.com/de/index.html,
35af938c-c271-80ad-9bf5-db9da24ef68e,Bodensee Kartbahn,https://www.adac-kartbahn-steisslingen.de/,,,,E-Mail / Contacted,Fehler,Unvollständig,true,true,true,true,false,false,true,2026-05-11,2026-05-11,2026-05-11T20:24:00.000+00:00,,,https://www.adac-kartbahn-steisslingen.de/,invalid_grant
35ef938c-c271-808e-ac8b-cba526c5d648,Bodensee Planetarium,https://bodensee-planetarium.ch/,,,,Lead,Prüfen,Teilweise,false,true,false,false,false,false,false,,,2026-05-18T12:07:00.000+00:00,,,https://bodensee-planetarium.ch/,
35ef938c-c271-800d-aff9-d07fd6352e62,Bodensee-Therme Überlingen,https://www.bodensee-therme.de/,,,,Lead,Daten ergänzt,Vollständig,true,true,true,false,false,false,false,,,2026-05-18T12:07:00.000+00:00,,,https://www.bodensee-therme.de/service-beratung https://www.bodensee-therme.de/ https://www.bodensee-therme.de/impressum https://www.bodensee-therme.de/ueber-uns,
357f938c-c271-80f0-8b81-dc9b9cbc62f4,BSB Bodensee Schifffahrt,https://www.bsb.de/,,,,Closed-Lost,,,true,true,false,true,false,false,false,,2026-05-05,,,,,
358f938c-c271-80f7-aede-efe87e21da67,Burg Hohenzollern,https://www.burg-hohenzollern.com/,,,,E-Mail / Contacted,Fehler,,true,true,true,false,false,false,true,,,,,,,invalid_grant
358f938c-c271-80d2-a4f2-dc7e96905a87,Burg Meersburg,https://www.burg-meersburg.de/,,,,Closed-Won,Fehler,,true,true,true,false,false,false,true,,,,,,,invalid_grant
361f938c-c271-8022-91d4-f9429b1166e4,Cinestar Konstanz,https://www.cinestar.de/,,,,Lead,Fehler,Vollständig,true,false,true,false,false,false,true,,,2026-05-15T20:44:00.000+00:00,,,https://www.cinestar.de/impressum https://www.cinestar.de/,invalid_grant
358f938c-c271-8033-98d4-c0290310b353,Citytour im roten Doppeldeckerbus,https://www.stuttgart-tourist.de/a-citytour-stuttgart,,,,E-Mail / Contacted,Fehler,,true,true,true,false,false,false,true,,,,,,,invalid_grant
35af938c-c271-80f1-888a-e6c3cc453261,Conny-Land,https://www.connyland.ch/,,,,E-Mail / Contacted,Fehler,,true,true,true,false,false,false,true,,,,,,,invalid_grant
361f938c-c271-80c8-9076-c65a3349841c,Deutsches Museum,https://www.deutsches-museum.de/,,,,Lead,Fehler,Vollständig,true,true,true,false,false,false,true,,,2026-05-15T20:42:00.000+00:00,,,https://www.deutsches-museum.de/museum/presse https://www.deutsches-museum.de/museum/impressum https://www.deutsches-museum.de/,invalid_grant
359f938c-c271-80d3-a0f9-c796a2553372,Dornier Museum,https://www.dorniermuseum.de/,,,,E-Mail / Contacted,Fehler,,true,true,true,false,false,false,true,,,,,,,invalid_grant
356f938c-c271-80e4-8eb6-face15828ca5,Escape Room Konstanz,https://www.escaperoom-konstanz.de/,Konstanz,,,E-Mail / Contacted,,,true,true,false,true,false,false,false,,2026-05-05,,,,,
357f938c-c271-800b-be93-c4df8129b8df,Europapark,https://www.europapark.de/,,,,E-Mail / Contacted,,,true,true,false,false,false,false,false,,,,,,,
364f938c-c271-8056-8cba-ec2df038d753,FC BAYERN MUSEUM,https://fcbayern.com/museum/de,,,,Lead,Fehler,Unvollständig,true,false,false,false,false,false,true,,,2026-05-18T12:05:00.000+00:00,,,https://fcbayern.com/museum/de,invalid_grant
358f938c-c271-803f-8ad8-d3334ce918c1,Fernsehturm Stuttgart,https://www.fernsehturm-stuttgart.de/,,,,Closed-Won,Fehler,,true,true,true,false,false,false,true,,,,,,,invalid_grant
364f938c-c271-80f1-a3a8-f2f982712264,Festungsruine Hohentwiel,www.festungsruine-hohentwiel.de,,,,Lead,Fehler,Teilweise,true,false,false,false,false,false,true,,,2026-05-18T12:03:00.000+00:00,,,https://www.festungsruine-hohentwiel.de/ https://www.festungsruine-hohentwiel.de/presse,invalid_grant
364f938c-c271-80e8-9125-e6cfc58dd64c,FIFA Museum,https://www.fifamuseum.com/en,,,,Lead,Fehler,Teilweise,true,false,false,false,false,false,true,,,2026-05-18T12:07:00.000+00:00,,,https://www.fifamuseum.com/en,invalid_grant
359f938c-c271-80a2-8b5a-ce32c8b37735,Flying Fox im Olympiapark,https://sayaq-adventures-muenchen.com/,,,,Reply,Fehler,Unvollständig,true,true,true,true,false,false,true,2026-05-12T19:59:00.000+00:00,2026-05-12T19:59:00.000+00:00,2026-05-12T18:26:00.000+00:00,,,https://sayaq-adventures-muenchen.com/,invalid_grant
364f938c-c271-80b0-a308-f1304e8a22ad,Fotomuseum Winterthur,https://www.fotomuseum.ch/de/,,,,Lead,Fehler,Unvollständig,true,false,false,false,false,false,true,,,2026-05-18T12:06:00.000+00:00,,,https://www.fotomuseum.ch/de/,invalid_grant
364f938c-c271-802d-8cdd-ca4c06705a65,Hesse Museum Gaienhofen,www.hesse-museum-gaienhofen.de,,,,Lead,Fehler,Vollständig,true,true,false,false,false,false,true,,,2026-05-18T12:03:00.000+00:00,,,https://www.hesse-museum-gaienhofen.de/ https://www.hesse-museum-gaienhofen.de/impressum,invalid_grant
357f938c-c271-8012-ace7-e87dbf3db855,Historische Schifffahrt Bodensee Sonja Beifuss,https://www.hs-bodensee.eu/,,,,E-Mail / Contacted,,,true,true,false,true,false,false,false,,2026-05-05,,,,,
35ef938c-c271-80bb-98ec-eb53783263c2,Historisches Museum Thurgau,https://historisches-museum.tg.ch/,,,,Lead,Prüfen,Unvollständig,true,false,true,false,false,false,false,,,2026-05-18T12:09:00.000+00:00,,,https://historisches-museum.tg.ch/,
357f938c-c271-804d-9a22-d3f590b4694f,Insel Mainau,https://www.mainau.de/,,,,Lead,Fehler,Vollständig,true,true,false,true,false,false,true,,2026-05-05,2026-05-18T11:18:00.000+00:00,,,https://www.mainau.de/en/press https://www.mainau.de/en/imprint https://www.mainau.de/de,invalid_grant
359f938c-c271-80d0-93ff-f1420929b76e,Jochen Schweizer Arena,https://www.jochen-schweizer-arena.de/,,,,E-Mail / Contacted,Fehler,,true,true,true,false,false,false,true,,,,,,,invalid_grant
357f938c-c271-80c1-afe7-c38b445d1fd6,Jochen Schweizer,https://www.jochen-schweizer.de/,,,,Closed-Lost,,,true,true,false,false,false,false,false,,,,,,,
35af938c-c271-80c5-b5d2-cf77a3801e93,JumpTown Trampolinpark,https://www.jumptown-trampolinparks.de/,,,,E-Mail / Contacted,Fehler,,true,true,true,false,false,false,true,,,,,,,invalid_grant
358f938c-c271-80e2-be42-d749c49b1c3d,Kletterwerk Radolfzell,https://www.kletterwerk.de/,,,,E-Mail / Contacted,Fehler,Teilweise,true,true,true,true,false,false,true,2026-05-12T20:15:00.000+00:00,2026-05-12T20:15:00.000+00:00,2026-05-12T19:58:00.000+00:00,,,https://www.kletterwerk.de/,invalid_grant
361f938c-c271-8009-a499-e8c7f0b362fe,Kloster & Schloss Weingarten,https://www.weingarten-online.de/,,,,Lead,Fehler,Vollständig,true,true,true,false,false,false,true,,,2026-05-15T20:44:00.000+00:00,,,https://www.stadt-weingarten.de/kontakt https://www.stadt-weingarten.de/startseite https://www.stadt-weingarten.de/impressum https://www.stadt-weingarten.de/presse,invalid_grant
364f938c-c271-80fc-b7a2-ee2a792eebdf,Kloster und Schloss Salem,www.salem.de,,,,Lead,Fehler,Teilweise,true,true,false,false,false,false,true,,,2026-05-18T12:03:00.000+00:00,,,https://www.salem.de/ https://www.salem.de/presse,invalid_grant
356f938c-c271-8060-9ca5-e4fcc70aa6b6,Konstanzer Bäder,https://www.konstanzer-baeder.de/,Konstanz,,,Closed-Won,,,true,true,false,true,false,false,false,,2026-05-05,,,,,
361f938c-c271-8038-aa77-c62ce53891f8,Landesmuseum Zürich,https://www.landesmuseum.ch/,,,,Lead,Fehler,Vollständig,true,true,true,false,false,false,true,,,2026-05-15T20:41:00.000+00:00,,,https://www.landesmuseum.ch/de,invalid_grant
35af938c-c271-80ea-8143-d71e73c589d3,LaserZone Friedrichshafen,https://www.calloffun.de/,,,,E-Mail / Contacted,Fehler,Vollständig,true,true,true,true,false,false,true,2026-05-12T19:59:00.000+00:00,2026-05-12T19:59:00.000+00:00,2026-05-12T19:58:00.000+00:00,,,https://www.calloffun.de/ https://www.calloffun.de/impressum,invalid_grant
357f938c-c271-8011-b04b-eb3cfa80064f,Legoland,https://www.legoland.de/,,,,E-Mail / Contacted,,,true,true,false,false,false,false,false,,,,,,,
35df938c-c271-8083-8c52-c536f687293e,Lindt home of chocolate,https://www.lindt-home-of-chocolate.com/de/,,,,E-Mail / Contacted,Fehler,Vollständig,true,true,true,true,false,false,true,2026-05-12T20:12:00.000+00:00,2026-05-12T20:12:00.000+00:00,2026-05-12T19:58:00.000+00:00,,,https://www.lindt-home-of-chocolate.com/de/presse/ https://www.lindt-home-of-chocolate.com/de/kontakt/ https://www.lindt-home-of-chocolate.com/de/ https://www.lindt-home-of-chocolate.com/de/impressum/,invalid_grant
364f938c-c271-803b-b85e-f404b3cca2b2,M10 True Active GmbH,www.trueactive.de,,,,Lead,Fehler,Vollständig,true,true,false,false,false,false,true,,,2026-05-18T12:03:00.000+00:00,,,https://trueactive.de/kontakt https://trueactive.de/ https://trueactive.de/impressum,invalid_grant
35ef938c-c271-809b-b258-c66691530e74,MAC Museum Art & Cars,https://www.museum-art-cars.com/,,,,E-Mail / Contacted,Fehler,Vollständig,true,true,true,true,false,false,true,2026-05-12T20:04:00.000+00:00,2026-05-12T20:04:00.000+00:00,2026-05-12T19:53:00.000+00:00,,,https://www.museum-art-cars.com/kontakt/ https://www.museum-art-cars.com/ https://www.museum-art-cars.com/impressum/ https://www.museum-art-cars.com/presse/ https://www.museum-art-cars.com/ueber/kooperationen/,invalid_grant
355f938c-c271-801d-b340-ca05030d5ec7,Mainau Erlebniswald,https://www.erlebniswald-mainau.de/,,,,E-Mail / Contacted,Fehler,,true,true,true,false,false,false,true,,,,,,,invalid_grant
358f938c-c271-8096-9d7f-db896a015f55,Mercedes-Benz Museum,https://www.mercedes-benz.com/de/kunst-und-kultur/museum/,,,,Reply,Fehler,Unvollständig,true,true,true,true,false,false,true,2026-05-12T20:01:00.000+00:00,2026-05-12T20:01:00.000+00:00,2026-05-12T18:26:00.000+00:00,,,https://www.mercedes-benz.com/de/kunst-und-kultur/museum/,invalid_grant
35ef938c-c271-800a-a454-f3d7cc5dbeee,Miniaturwelt am Rheinfall,https://smilestones.ch/,,,,Reply,Fehler,Vollständig,true,true,true,true,false,false,true,2026-05-12T20:05:00.000+00:00,2026-05-12T20:05:00.000+00:00,2026-05-12T19:53:00.000+00:00,,,https://smilestones.ch/uber-uns/ https://smilestones.ch/ https://smilestones.ch/impressum/ https://smilestones.ch/sponsoring/,invalid_grant
361f938c-c271-80ed-8b8a-c2f7d9b03e7c,Museum für Stadtgeschichte (Wentzingerhaus),https://museen.freiburg.de,,,,Lead,Fehler,Vollständig,true,true,true,false,false,false,true,,,2026-05-15T20:42:00.000+00:00,,,https://museen.freiburg.de/kontakt https://museen.freiburg.de/startseite https://museen.freiburg.de/contact https://museen.freiburg.de/impressum https://museen.freiburg.de/presse https://museen.freiburg.de/press,invalid_grant
361f938c-c271-80d8-a7be-ea504ad33388,Museum Humpis-Quartier (Ravensburg),https://www.museum-humpis-quartier.de/,,,,Lead,Prüfen,Teilweise,false,false,false,false,false,false,false,,,2026-05-15T20:44:00.000+00:00,,,https://www.museum-humpis-quartier.de/,
364f938c-c271-80d7-867a-cb16b06aebc4,Museum Humpis-Quartier,www.museum-humpis-quartier.de,,,,Lead,Fehler,Teilweise,true,false,false,false,false,false,true,,,2026-05-18T12:03:00.000+00:00,,,https://www.museum-humpis-quartier.de/,invalid_grant
35ef938c-c271-80ae-97c5-e5ed3c5bbb02,Museum Rosenegg,https://museumrosenegg.ch/,,,,E-Mail / Contacted,Fehler,Vollständig,true,true,true,true,false,false,true,2026-05-12T20:04:00.000+00:00,2026-05-12T20:04:00.000+00:00,2026-05-12T19:53:00.000+00:00,,,https://museumrosenegg.ch/ https://museumrosenegg.ch/kontakt https://museumrosenegg.ch/impressum https://museumrosenegg.ch/ueber-uns,invalid_grant
364f938c-c271-8049-b112-ffa4a665c54b,Museum zu Allerheiligen,www.allerheiligen.ch,,,,Lead,Fehler,Vollständig,true,true,false,false,false,false,true,,,2026-05-18T12:06:00.000+00:00,,,https://allerheiligen.ch/museum/ueber-uns/ https://allerheiligen.ch/ https://allerheiligen.ch/kontakt/ https://allerheiligen.ch/impressum/,invalid_grant
35ef938c-c271-80e9-a8c8-cbbc4fca2359,Napoleonmuseum,https://napoleonmuseum.tg.ch/,,,,Reply,Fehler,Unvollständig,true,false,true,true,false,false,true,2026-05-12T20:09:00.000+00:00,2026-05-12T20:09:00.000+00:00,2026-05-12T19:57:00.000+00:00,,,https://napoleonmuseum.tg.ch/,invalid_grant
364f938c-c271-8059-af07-c0fccd664d02,Naturmuseum St. Gallen,https://naturmuseumsg.ch/,,,,Lead,Fehler,Vollständig,true,true,false,false,false,false,true,,,2026-05-18T12:06:00.000+00:00,,,https://naturmuseumsg.ch/infos/kontakt/ https://naturmuseumsg.ch/ https://naturmuseumsg.ch/impressum/,invalid_grant
35af938c-c271-8064-b33e-e115aa97a013,Neues Schloss Meersburg,https://www.neues-schloss-meersburg.de/,,,,E-Mail / Contacted,Fehler,Teilweise,true,true,true,true,false,false,true,2026-05-12T20:14:00.000+00:00,2026-05-12T20:14:00.000+00:00,2026-05-12T19:58:00.000+00:00,,,https://www.neues-schloss-meersburg.de/ https://www.neues-schloss-meersburg.de/presse,invalid_grant
355f938c-c271-8040-855a-c2e1cc2f67d3,New Client,,,,,Lead,,,false,false,false,false,false,false,false,,,,,,,
364f938c-c271-8036-a833-fa35e42a4316,New Client,,,,,Lead,,,false,false,false,false,false,false,false,,,,,,,
364f938c-c271-8064-b94d-e281a51f9ded,New Client,,,,,Lead,,,false,false,false,false,false,false,false,,,,,,,
35cf938c-c271-80c4-81b7-d1429e9b10f0,Pfahlbaumuseum Unteruhldingen,https://www.pfahlbauten.de/,,,,Lead,Fehler,Vollständig,true,true,true,false,false,false,true,,,2026-05-12T23:45:00.000+00:00,,,https://www.pfahlbauten.de/ https://www.pfahlbauten.de/kontakt/ https://www.pfahlbauten.de/impressum/ https://www.pfahlbauten.de/ueber-uns/ https://www.pfahlbauten.de/2020/05/presseinfo-28-05-2020/,invalid_grant
357f938c-c271-8078-b101-e7ef85cc3213,Pfänderbahn AG,https://www.pfaenderbahn.at/,,,,E-Mail / Contacted,,,true,true,false,true,false,false,false,,2026-05-05,,,,,
358f938c-c271-80cb-bfa0-f0812b7bf44b,Planetarium Stuttgart,https://www.planetarium-stuttgart.de/,,,,E-Mail / Contacted,Fehler,,true,true,true,false,false,false,true,,,,,,,invalid_grant
358f938c-c271-80fe-85d4-d73fb2804c2c,Porsche Museum,https://www.porsche.com/germany/aboutporsche/porschemuseum/,,,,E-Mail / Contacted,Fehler,Teilweise,true,true,true,true,false,false,true,2026-05-12T20:01:00.000+00:00,2026-05-12T20:01:00.000+00:00,2026-05-12T18:26:00.000+00:00,,,https://www.porsche.com/germany/aboutporsche/porschemuseum/,invalid_grant
35ef938c-c271-8042-8820-e10be546f785,Race-Inn Roggwil,https://www.race-inn.ch/,,,,E-Mail / Contacted,Fehler,Unvollständig,true,false,true,true,false,false,true,2026-05-12T20:02:00.000+00:00,2026-05-12T20:02:00.000+00:00,2026-05-12T19:52:00.000+00:00,,,https://www.race-inn.ch/,invalid_grant
357f938c-c271-8076-ba27-cbdcc4efaf34,Rheinfall Werner Mändli AG,https://www.maendli.ch/,,,,Closed-Lost,,,true,true,false,true,false,false,false,,2026-05-05,,,,,
358f938c-c271-80f6-920e-c640622b8517,Rulantica,https://www.rulantica.de/,,,,E-Mail / Contacted,Fehler,,true,true,true,false,false,false,true,,,,,,,invalid_grant
364f938c-c271-8087-a038-c8b5569277cd,Schloss Meßkirch,https://www.schloss-messkirch.de/willkommen,,,,Lead,Fehler,Vollständig,true,true,false,false,false,false,true,,,2026-05-18T12:03:00.000+00:00,,,https://www.schloss-messkirch.de/impressum https://www.schloss-messkirch.de/willkommen https://www.schloss-messkirch.de/kontakt,invalid_grant
358f938c-c271-8076-9dde-f8d4ad2144b4,Schloss Neuschwanstein,https://www.neuschwanstein.de/,,,,Reply,Fehler,Teilweise,true,true,true,true,false,false,true,2026-05-12T18:33:00.000+00:00,2026-05-12T18:33:00.000+00:00,2026-05-12T18:27:00.000+00:00,,,https://www.neuschwanstein.de/,invalid_grant
361f938c-c271-800a-b01b-eb9a7a3b7768,Schloss Tettnang (Montfort),https://www.schloss-tettnang.de/,,,,Lead,Prüfen,Teilweise,false,false,false,false,false,false,false,,,2026-05-15T20:43:00.000+00:00,,,https://www.schloss-tettnang.de/ https://www.schloss-tettnang.de/presse,
357f938c-c271-8054-9e51-f17d195dcc8e,Sealife,https://www.visitsealife.com/konstanz/,,,,E-Mail / Contacted,,,true,true,false,true,false,false,false,,2026-05-05,,,,,
35ef938c-c271-8051-90fb-f347b2a96c93,Seemuseum,https://seemuseum.ch/Ausstellungen,,,,E-Mail / Contacted,Fehler,Vollständig,true,true,true,true,false,false,true,2026-05-12T20:03:00.000+00:00,2026-05-12T20:03:00.000+00:00,2026-05-12T19:53:00.000+00:00,,,https://seemuseum.ch/Ausstellungen https://seemuseum.ch/kontakt https://seemuseum.ch/contact https://seemuseum.ch/impressum https://seemuseum.ch/about https://seemuseum.ch/ueber-uns,invalid_grant
361f938c-c271-8000-863a-db00a5f46dc4,Staatsgalerie Stuttgart,https://www.staatsgalerie.de/,,,,Lead,Fehler,Vollständig,true,true,true,false,false,false,true,,,2026-05-15T20:42:00.000+00:00,,,https://www.staatsgalerie.de/de/museum/pressebereich https://www.staatsgalerie.de/de https://www.staatsgalerie.de/de/impressum https://www.staatsgalerie.de/de/programm/kitas-und-schulen/kooperationen,invalid_grant
361f938c-c271-80d6-bb98-c3dbf62b9f8e,Stadtmuseum Lindau,https://www.museum-lindau.de/,,,,Lead,Prüfen,Teilweise,false,true,false,false,false,false,false,,,2026-05-15T20:43:00.000+00:00,,,https://kultur.lindau.de/cavazzen-museum/,
364f938c-c271-8025-98e4-cd2f0d7a66b5,Stiftsbibliothek,https://www.stiftsbezirk.ch/de/stiftsbibliothek/,,,,Lead,Fehler,Teilweise,true,true,false,false,false,false,true,,,2026-05-18T12:06:00.000+00:00,,,https://stiftsbezirk.ch/de/kontakt https://www.stiftsbezirk.ch/de/stiftsbibliothek/ https://stiftsbezirk.ch/de/impressum,invalid_grant
358f938c-c271-80ca-9a6a-c6f61190a81a,SUP / Kajak / See-Action,https://www.naturfreundehaus-bodensee.de/,,,,E-Mail / Contacted,Fehler,,true,true,true,false,false,false,true,,,,,,,invalid_grant
35df938c-c271-8023-a362-c6c9f029c2e1,Swiss Science Center Technorama,https://www.technorama.ch/de/home,,,,Closed-Won,Fehler,,true,false,true,false,false,false,true,,,,,,,invalid_grant
364f938c-c271-8091-93d4-d2f73f863a4a,Textilmuseum St. Gallen,https://www.textilmuseum.ch/,,,,Lead,Fehler,Vollständig,true,true,false,false,false,false,true,,,2026-05-18T12:06:00.000+00:00,,,https://www.textilmuseum.ch/ https://www.textilmuseum.ch/kontakt-titelseite/ https://www.textilmuseum.ch/impressum/ https://www.textilmuseum.ch/about https://www.textilmuseum.ch/%C3%BCber-uns https://www.textilmuseum.ch/presse,invalid_grant
361f938c-c271-8097-b2b1-f7c3905cbdc2,Theater Konstanz,https://www.theaterkonstanz.de/,,,,Lead,Fehler,Vollständig,true,true,true,false,false,false,true,,,2026-05-15T20:44:00.000+00:00,,,https://www.theaterkonstanz.de/kontakt https://www.theaterkonstanz.de/180799.html https://www.theaterkonstanz.de/impressum https://www.theaterkonstanz.de/presse https://www.theaterkonstanz.de/press,invalid_grant
358f938c-c271-809d-b2f1-ebd9c05a9e50,Therme Erding,https://www.therme-erding.de/,,,,Closed-Won,Fehler,,true,true,true,false,false,false,true,,,,,,,invalid_grant
357f938c-c271-8087-8645-e8714927f8e0,Uhrenmuseum VS,uhrenindustriemuseum.de,,,,E-Mail / Contacted,Daten ergänzt,Vollständig,true,true,true,true,false,false,false,2026-05-11,2026-05-11,2026-05-12T13:51:00.000+00:00,,,https://www.uhrenindustriemuseum.de/startseite,
364f938c-c271-80f2-a129-c672db12a13c,vineum Bodensee,www.vineum-bodensee.de,,,,Lead,Fehler,Vollständig,true,true,false,false,false,false,true,,,2026-05-18T12:03:00.000+00:00,,,https://www.vineum-bodensee.de/willkommen https://www.vineum-bodensee.de/impressum,invalid_grant
361f938c-c271-8024-8ffe-d5ba25e91e27,vorarlberg museum (Bregenz),https://www.vorarlbergmuseum.at/,,,,Lead,Fehler,Vollständig,true,true,true,false,false,false,true,,,2026-05-15T20:44:00.000+00:00,,,https://www.vorarlbergmuseum.at/museum/presse/ https://www.vorarlbergmuseum.at/ https://www.vorarlbergmuseum.at/impressum,invalid_grant
35ef938c-c271-8022-8cfe-c0016e8fd4d6,VR City AG,https://vrcity.ch/de/winterthur,,,,Lead,Fehler,Teilweise,true,true,false,false,false,false,true,,,2026-05-18T12:07:00.000+00:00,,,https://vrcity.ch/de/winterthur https://vrcity.ch/de/zurich/kontakt https://vrcity.ch/de/zurich/impressum,invalid_grant
35af938c-c271-80ed-b886-ead2d1a7e666,Wakeboard- und Wasserskipark Pfullendorf,https://www.wakepark-pfullendorf.de/,,,,E-Mail / Contacted,Fehler,,true,true,true,false,false,false,true,,,,,,,invalid_grant
364f938c-c271-80b9-9b69-e25ae379ef6a,Walter Zoo Gossau,walterzoo.ch,,,,Lead,Fehler,Vollständig,true,true,false,false,false,false,true,,,2026-05-18T12:06:00.000+00:00,,,https://walterzoo.ch/ https://walterzoo.ch/kontakt https://walterzoo.ch/impressum,invalid_grant
358f938c-c271-8084-a666-db04361a2a92,Wilhelma,https://www.wilhelma.de/,,,,Reply,Fehler,Vollständig,true,true,true,true,false,false,true,2026-05-12T20:01:00.000+00:00,2026-05-12T20:01:00.000+00:00,2026-05-12T18:26:00.000+00:00,,,https://www.wilhelma.de/kontakt https://www.wilhelma.de/ https://www.wilhelma.de/impressum https://www.wilhelma.de/aktuelles/aktuelles/news-presse,invalid_grant
358f938c-c271-8011-8a3f-f21553e5b61a,Zeppelin Museum,https://www.zeppelin-museum.de/,,,,E-Mail / Contacted,Fehler,,true,true,true,false,false,false,true,,,,,,,invalid_grant
35cf938c-c271-8013-9816-fa76a57d6e7b,Zirkus Charles Knie,https://www.zirkus-charles-knie.de/,,,,E-Mail / Contacted,Fehler,,true,true,true,false,false,false,true,,,,,,,invalid_grant
361f938c-c271-80e4-acb6-fdd65f17e99b,Zoo Zürich AG,https://www.zoo.ch/de,,,,Lead,Fehler,Vollständig,true,true,false,false,false,false,true,,,2026-05-18T12:07:00.000+00:00,,,https://www.zoo.ch/de/impressum https://www.zoo.ch/de/kontakt https://www.zoo.ch/de,invalid_grant
358f938c-c271-80d2-ad90-c842f314c1ee,Zugspitze,https://zugspitze.de/,,,,Lead,Fehler,Vollständig,true,true,true,false,false,false,true,,,2026-05-12T23:45:00.000+00:00,,,https://zugspitze.de/en,invalid_grant
